ID;Nome;Telefone;Idade
1;Camila da Silva;61 - xxxx-xxxx;15
2;Bruna Cunha;62 - xxxx-xxxx;18
3;Luíz Alberto;63 - xxxx-xxxx;14
4;Valderley Pereira;64 - xxxx-xxxx;21
5;Vandiscley Silva;65 - xxxx-xxxx;30
6;Valdisneya souza;66 - xxxx-xxxx;19
7;Gertrudes Paiva;67 - xxxx-xxxx;41
8;Artrógio ;68 - xxxx-xxxx;31
9;Circley Camargo;69 - xxxx-xxxx;33
10;Silvinda de jesus;70 - xxxx-xxxx;39
11;Adenilda Araújo;71 - xxxx-xxxx;21
12;Habi Gail;72 - xxxx-xxxx;23
13;Rema Nuel;73 - xxxx-xxxx;47
14;Vim Diesel;74 - xxxx-xxxx;41
15;Colo Carfogo;75 - xxxx-xxxx;41
16;Valdemiro Arley;76 - xxxx-xxxx;43
17;Vladimir Vandislaw;77 - xxxx-xxxx;24
18;Josivaldo Agosto;78 - xxxx-xxxx;34
19;Vanir Paz;79 - xxxx-xxxx;33
20;Vera Lúcia Verdadeira;80 - xxxx-xxxx;23
21;Vera a Lúcia;81 - xxxx-xxxx;25
22;Vida luz e fé;82 - xxxx-xxxx;27
23;Luíza Janete;83 - xxxx-xxxx;47
24;Carlo Ser;84 - xxxx-xxxx;26
25;Rynanda Ceará;85 - xxxx-xxxx;43
26;Rennanda do Ceará;86 - xxxx-xxxx;44
27;Abelardo;87 - xxxx-xxxx;33
28;Afeiardilson;88 - xxxx-xxxx;32
29;Francivaldo Som;89 - xxxx-xxxx;30
30;Francenilce Luz;90 - xxxx-xxxx;29
